<?xml version="1.0" encoding="utf-8"?>
<selector xmlns:android="http://schemas.android.com/apk/res/android" >
    <item android:state_pressed="true" >
        <shape android:shape="rectangle"  >
            <corners android:radius="5dip" />
            <stroke android:width="1dip" android:color="@color/purple_200" />
            <gradient android:angle="-90" android:startColor="@color/purple_200" android:endColor="@color/purple_200"  />
        </shape>
    </item>
    <item android:state_focused="true">
        <shape android:shape="rectangle"  >
            <corners android:radius="5dip" />
            <stroke android:width="1dip" android:color="@color/purple_200" />
            <solid android:color="@color/purple_200"/>
        </shape>
    </item>
    <item >
        <shape android:shape="rectangle"  >
            <corners android:radius="5dip" />
            <stroke android:width="1dip" android:color="@color/purple_200" />
            <gradient android:angle="-90" android:startColor="@color/purple_200" android:endColor="@color/purple_200" />
        </shape>
    </item>
</selector>